{"EASY":[4.081701,3.9337337,4.088245,4.4433885,4.6696086,5.8878617,5.333842,5.7996755,5.442919,6.4506865,8.025374,5.837017,7.8967476,10.076297,6.357109,6.2283196,4.3876667,7.234328,7.124099,4.732739,12.309363,4.625462,5.242791,4.706079,4.9183707,4.8670177,4.866077,4.823656,5.8896456,5.499018,7.974492,5.3730116,5.121346,5.023587,4.8135486,5.436157,5.5648203,4.854208,4.845507,4.9744773,4.928741,4.083834,4.9538817,4.798776,4.810977,5.094993,5.7245746,4.7152944,6.8402224,4.7476177,3.8286953,6.6461835,8.196645,14.816378],"MEDIUM":[4.252357],"HARD":[5.941347],"NIGHTMARE":[]}