{"EASY":[4.081701,3.9337337,4.088245,4.4433885,4.6696086,5.8878617,5.333842,5.7996755,5.442919,6.4506865,8.025374,5.837017,7.8967476,10.076297,6.357109,6.2283196,4.3876667,7.234328,7.124099,4.732739],"MEDIUM":[],"HARD":[5.941347],"NIGHTMARE":[]}